[
  {
    "id": 1,
    "name": "Bamity",
    "description": "aliquam convallis nunc proin at turpis a pede posuere nonummy",
    "type": "React",
    "preview": "https://fakeimg.pl/650x450/000000/"
  },
  {
    "id": 2,
    "name": "Alpha",
    "description": "fermentum justo nec condimentum neque sapien placerat ante nulla justo",
    "type": "Vue",
    "preview": "https://fakeimg.pl/650x450/000000/"
  },
  {
    "id": 3,
    "name": "Kanlam",
    "description": "proin at turpis a pede posuere nonummy integer non velit",
    "type": "React",
    "preview": "https://fakeimg.pl/650x450/000000/"
  },
  {
    "id": 4,
    "name": "Transcof",
    "description": "curae nulla dapibus dolor vel est donec odio justo sollicitudin",
    "type": "Angular",
    "preview": "https://fakeimg.pl/650x450/000000/"
  },
  {
    "id": 5,
    "name": "Keylex",
    "description": "turpis nec euismod scelerisque quam turpis adipiscing lorem vitae mattis",
    "type": "Angular",
    "preview": "https://fakeimg.pl/650x450/000000/"
  },
  {
    "id": 6,
    "name": "Holdlamis",
    "description": "magna vestibulum aliquet ultrices erat tortor sollicitudin mi sit amet",
    "type": "Angular",
    "preview": "https://fakeimg.pl/650x450/000000/"
  },
  {
    "id": 7,
    "name": "Redhold",
    "description": "vulputate elementum nullam varius nulla facilisi cras non velit nec",
    "type": "Angular",
    "preview": "https://fakeimg.pl/650x450/000000/"
  },
  {
    "id": 8,
    "name": "Y-find",
    "description": "at velit vivamus vel nulla eget eros elementum pellentesque quisque",
    "type": "C#",
    "preview": "https://fakeimg.pl/650x450/000000/"
  },
  {
    "id": 9,
    "name": "Cookley",
    "description": "pede lobortis ligula sit amet eleifend pede libero quis orci",
    "type": "Angular",
    "preview": "https://fakeimg.pl/650x450/000000/"
  },
  {
    "id": 10,
    "name": "Bytecard",
    "description": "accumsan tortor quis turpis sed ante vivamus tortor duis mattis",
    "type": "PHP",
    "preview": "https://fakeimg.pl/650x450/000000/"
  },
  {
    "id": 11,
    "name": "Domainer",
    "description": "vivamus vel nulla eget eros elementum pellentesque quisque porta volutpat",
    "type": "Angular",
    "preview": "https://fakeimg.pl/650x450/000000/"
  },
  {
    "id": 12,
    "name": "Namfix",
    "description": "adipiscing molestie hendrerit at vulputate vitae nisl aenean lectus pellentesque",
    "type": "React",
    "preview": "https://fakeimg.pl/650x450/000000/"
  },
  {
    "id": 13,
    "name": "Greenlam",
    "description": "orci luctus et ultrices posuere cubilia curae nulla dapibus dolor",
    "type": "PHP",
    "preview": "https://fakeimg.pl/650x450/000000/"
  },
  {
    "id": 14,
    "name": "Namfix",
    "description": "nulla ac enim in tempor turpis nec euismod scelerisque quam",
    "type": "Angular",
    "preview": "https://fakeimg.pl/650x450/000000/"
  },
  {
    "id": 15,
    "name": "Home Ing",
    "description": "lacinia erat vestibulum sed magna at nunc commodo placerat praesent",
    "type": "Vue",
    "preview": "https://fakeimg.pl/650x450/000000/"
  }
]
